{"assets/data/.gitkeep":["assets/data/.gitkeep"],"assets/data/antimicrobial_stewardship.v1.json":["assets/data/antimicrobial_stewardship.v1.json"],"assets/data/bundles.json":["assets/data/bundles.json"],"assets/data/bundles.v1.json":["assets/data/bundles.v1.json"],"assets/data/calculator/hai_surveillance.v1.json":["assets/data/calculator/hai_surveillance.v1.json"],"assets/data/cds/bloodstream-infections.v1.json":["assets/data/cds/bloodstream-infections.v1.json"],"assets/data/cds/bone-joint-infections.v1.json":["assets/data/cds/bone-joint-infections.v1.json"],"assets/data/cds/cardiovascular-infections.v1.json":["assets/data/cds/cardiovascular-infections.v1.json"],"assets/data/cds/cns-infections.v1.json":["assets/data/cds/cns-infections.v1.json"],"assets/data/cds/ent-infections.v1.json":["assets/data/cds/ent-infections.v1.json"],"assets/data/cds/eye-infections.v1.json":["assets/data/cds/eye-infections.v1.json"],"assets/data/cds/fever-syndromes.v1.json":["assets/data/cds/fever-syndromes.v1.json"],"assets/data/cds/gastrointestinal-diarrheal.v1.json":["assets/data/cds/gastrointestinal-diarrheal.v1.json"],"assets/data/cds/immunocompromised-infections.v1.json":["assets/data/cds/immunocompromised-infections.v1.json"],"assets/data/cds/intra-abdominal-infections.v1.json":["assets/data/cds/intra-abdominal-infections.v1.json"],"assets/data/cds/lower-respiratory.v1.json":["assets/data/cds/lower-respiratory.v1.json"],"assets/data/cds/obstetric-infections.v1.json":["assets/data/cds/obstetric-infections.v1.json"],"assets/data/cds/sexually-transmitted-infections.v1.json":["assets/data/cds/sexually-transmitted-infections.v1.json"],"assets/data/cds/skin-soft-tissue.v1.json":["assets/data/cds/skin-soft-tissue.v1.json"],"assets/data/cds/surgical-prophylaxis.v1.json":["assets/data/cds/surgical-prophylaxis.v1.json"],"assets/data/cds/travel-tropical-medicine.v1.json":["assets/data/cds/travel-tropical-medicine.v1.json"],"assets/data/cds/upper-respiratory.v1.json":["assets/data/cds/upper-respiratory.v1.json"],"assets/data/cds/urinary-genitourinary.v1.json":["assets/data/cds/urinary-genitourinary.v1.json"],"assets/data/cds/zoonotic-infections.v1.json":["assets/data/cds/zoonotic-infections.v1.json"],"assets/data/hand_hygiene.json":["assets/data/hand_hygiene.json"],"assets/data/isolation_organisms.v1.json":["assets/data/isolation_organisms.v1.json"],"assets/data/isolation_principles.v1.json":["assets/data/isolation_principles.v1.json"],"assets/data/outbreak_groups/bacterial/foodborne_waterborne.v1.json":["assets/data/outbreak_groups/bacterial/foodborne_waterborne.v1.json"],"assets/data/outbreak_groups/bacterial/mdro_hai.v1.json":["assets/data/outbreak_groups/bacterial/mdro_hai.v1.json"],"assets/data/outbreak_groups/bacterial/meningitis.v1.json":["assets/data/outbreak_groups/bacterial/meningitis.v1.json"],"assets/data/outbreak_groups/bacterial/miscellaneous_bacterial.v1.json":["assets/data/outbreak_groups/bacterial/miscellaneous_bacterial.v1.json"],"assets/data/outbreak_groups/bacterial/respiratory.v1.json":["assets/data/outbreak_groups/bacterial/respiratory.v1.json"],"assets/data/outbreak_groups/bacterial/skin_soft_tissue.v1.json":["assets/data/outbreak_groups/bacterial/skin_soft_tissue.v1.json"],"assets/data/outbreak_groups/bacterial/zoonotic_bioterrorism.v1.json":["assets/data/outbreak_groups/bacterial/zoonotic_bioterrorism.v1.json"],"assets/data/outbreak_groups/fungal/dimorphic_fungal.v1.json":["assets/data/outbreak_groups/fungal/dimorphic_fungal.v1.json"],"assets/data/outbreak_groups/fungal/mold_fungal.v1.json":["assets/data/outbreak_groups/fungal/mold_fungal.v1.json"],"assets/data/outbreak_groups/fungal/yeast_fungal.v1.json":["assets/data/outbreak_groups/fungal/yeast_fungal.v1.json"],"assets/data/outbreak_groups/index.v1.json":["assets/data/outbreak_groups/index.v1.json"],"assets/data/outbreak_groups/viral/arboviral_zoonotic_viral.v1.json":["assets/data/outbreak_groups/viral/arboviral_zoonotic_viral.v1.json"],"assets/data/outbreak_groups/viral/bloodborne_viral.v1.json":["assets/data/outbreak_groups/viral/bloodborne_viral.v1.json"],"assets/data/outbreak_groups/viral/gastroenteric_viral.v1.json":["assets/data/outbreak_groups/viral/gastroenteric_viral.v1.json"],"assets/data/outbreak_groups/viral/hemorrhagic_bioterrorism.v1.json":["assets/data/outbreak_groups/viral/hemorrhagic_bioterrorism.v1.json"],"assets/data/outbreak_groups/viral/other.v1.json":["assets/data/outbreak_groups/viral/other.v1.json"],"assets/data/outbreak_groups/viral/respiratory_viral.v1.json":["assets/data/outbreak_groups/viral/respiratory_viral.v1.json"],"assets/data/outbreak_groups/viral/skin_rash_viral.v1.json":["assets/data/outbreak_groups/viral/skin_rash_viral.v1.json"],"assets/data/quiz_bundles.v1.json":["assets/data/quiz_bundles.v1.json"],"assets/data/quiz_calculators.v1.json":["assets/data/quiz_calculators.v1.json"],"assets/data/quiz_hand_hygiene.v1.json":["assets/data/quiz_hand_hygiene.v1.json"],"assets/data/quiz_isolation_ppe.v1.json":["assets/data/quiz_isolation_ppe.v1.json"],"assets/data/quiz_outbreak.v1.json":["assets/data/quiz_outbreak.v1.json"],"assets/data/quiz_stewardship.v1.json":["assets/data/quiz_stewardship.v1.json"],"assets/data/stewardship/allergy_cross_reactivity_rules.json":["assets/data/stewardship/allergy_cross_reactivity_rules.json"],"assets/data/stewardship/antibiotic_spectrum_data.json":["assets/data/stewardship/antibiotic_spectrum_data.json"],"assets/data/stewardship/mdro_risk_scoring.json":["assets/data/stewardship/mdro_risk_scoring.json"],"assets/data/stewardship/surgical_prophylaxis_data.json":["assets/data/stewardship/surgical_prophylaxis_data.json"],"assets/icons/.gitkeep":["assets/icons/.gitkeep"],"assets/icons/README.md":["assets/icons/README.md"],"assets/icons/ipc_icon.png":["assets/icons/ipc_icon.png"],"assets/icons/ipc_icon_1024.png":["assets/icons/ipc_icon_1024.png"],"assets/images/.gitkeep":["assets/images/.gitkeep"],"assets/images/README.md":["assets/images/README.md"],"packages/cupertino_icons/assets/CupertinoIcons.ttf":["packages/cupertino_icons/assets/CupertinoIcons.ttf"],"packages/flutter_math_fork/lib/katex_fonts/fonts/KaTeX_AMS-Regular.ttf":["packages/flutter_math_fork/lib/katex_fonts/fonts/KaTeX_AMS-Regular.ttf"],"packages/flutter_math_fork/lib/katex_fonts/fonts/KaTeX_Caligraphic-Bold.ttf":["packages/flutter_math_fork/lib/katex_fonts/fonts/KaTeX_Caligraphic-Bold.ttf"],"packages/flutter_math_fork/lib/katex_fonts/fonts/KaTeX_Caligraphic-Regular.ttf":["packages/flutter_math_fork/lib/katex_fonts/fonts/KaTeX_Caligraphic-Regular.ttf"],"packages/flutter_math_fork/lib/katex_fonts/fonts/KaTeX_Fraktur-Bold.ttf":["packages/flutter_math_fork/lib/katex_fonts/fonts/KaTeX_Fraktur-Bold.ttf"],"packages/flutter_math_fork/lib/katex_fonts/fonts/KaTeX_Fraktur-Regular.ttf":["packages/flutter_math_fork/lib/katex_fonts/fonts/KaTeX_Fraktur-Regular.ttf"],"packages/flutter_math_fork/lib/katex_fonts/fonts/KaTeX_Main-Bold.ttf":["packages/flutter_math_fork/lib/katex_fonts/fonts/KaTeX_Main-Bold.ttf"],"packages/flutter_math_fork/lib/katex_fonts/fonts/KaTeX_Main-BoldItalic.ttf":["packages/flutter_math_fork/lib/katex_fonts/fonts/KaTeX_Main-BoldItalic.ttf"],"packages/flutter_math_fork/lib/katex_fonts/fonts/KaTeX_Main-Italic.ttf":["packages/flutter_math_fork/lib/katex_fonts/fonts/KaTeX_Main-Italic.ttf"],"packages/flutter_math_fork/lib/katex_fonts/fonts/KaTeX_Main-Regular.ttf":["packages/flutter_math_fork/lib/katex_fonts/fonts/KaTeX_Main-Regular.ttf"],"packages/flutter_math_fork/lib/katex_fonts/fonts/KaTeX_Math-BoldItalic.ttf":["packages/flutter_math_fork/lib/katex_fonts/fonts/KaTeX_Math-BoldItalic.ttf"],"packages/flutter_math_fork/lib/katex_fonts/fonts/KaTeX_Math-Italic.ttf":["packages/flutter_math_fork/lib/katex_fonts/fonts/KaTeX_Math-Italic.ttf"],"packages/flutter_math_fork/lib/katex_fonts/fonts/KaTeX_SansSerif-Bold.ttf":["packages/flutter_math_fork/lib/katex_fonts/fonts/KaTeX_SansSerif-Bold.ttf"],"packages/flutter_math_fork/lib/katex_fonts/fonts/KaTeX_SansSerif-Italic.ttf":["packages/flutter_math_fork/lib/katex_fonts/fonts/KaTeX_SansSerif-Italic.ttf"],"packages/flutter_math_fork/lib/katex_fonts/fonts/KaTeX_SansSerif-Regular.ttf":["packages/flutter_math_fork/lib/katex_fonts/fonts/KaTeX_SansSerif-Regular.ttf"],"packages/flutter_math_fork/lib/katex_fonts/fonts/KaTeX_Script-Regular.ttf":["packages/flutter_math_fork/lib/katex_fonts/fonts/KaTeX_Script-Regular.ttf"],"packages/flutter_math_fork/lib/katex_fonts/fonts/KaTeX_Size1-Regular.ttf":["packages/flutter_math_fork/lib/katex_fonts/fonts/KaTeX_Size1-Regular.ttf"],"packages/flutter_math_fork/lib/katex_fonts/fonts/KaTeX_Size2-Regular.ttf":["packages/flutter_math_fork/lib/katex_fonts/fonts/KaTeX_Size2-Regular.ttf"],"packages/flutter_math_fork/lib/katex_fonts/fonts/KaTeX_Size3-Regular.ttf":["packages/flutter_math_fork/lib/katex_fonts/fonts/KaTeX_Size3-Regular.ttf"],"packages/flutter_math_fork/lib/katex_fonts/fonts/KaTeX_Size4-Regular.ttf":["packages/flutter_math_fork/lib/katex_fonts/fonts/KaTeX_Size4-Regular.ttf"],"packages/flutter_math_fork/lib/katex_fonts/fonts/KaTeX_Typewriter-Regular.ttf":["packages/flutter_math_fork/lib/katex_fonts/fonts/KaTeX_Typewriter-Regular.ttf"]}